step,train_loss,train_accuracy,valid_loss,valid_mean_token_accuracy,train_mean_reward,full_validation_mean_reward
1,11.11535,0.35942,,,,
2,11.15301,0.35942,,,,
3,11.17708,0.36522,,,,
4,11.43135,0.34493,,,,
5,11.01843,0.36232,,,,
6,10.89783,0.36522,,,,
7,10.88024,0.34493,,,,
8,10.65631,0.37101,,,,
9,10.42384,0.37391,,,,
10,10.13999,0.3971,,,,
11,9.70981,0.4029,,,,
12,9.18043,0.44348,,,,
13,9.09623,0.44058,,,,
14,8.81107,0.45507,,,,
15,8.75507,0.45217,,,,
16,8.08463,0.51884,,,,
17,7.77106,0.53913,,,,
18,7.33373,0.56522,,,,
19,7.29645,0.56522,,,,
20,6.83526,0.62029,,,,
21,6.60142,0.62609,,,,
22,6.42997,0.61449,,,,
23,6.0581,0.64058,,,,
24,5.96886,0.62319,,,,
25,5.73597,0.63478,,,,
26,5.23738,0.64928,,,,
27,5.11606,0.64348,,,,
28,4.7775,0.64928,,,,
29,4.43751,0.66087,,,,
30,4.11567,0.65507,,,,
31,3.72385,0.65507,,,,
32,3.33289,0.65797,,,,
33,2.97551,0.66087,,,,
34,2.77523,0.65507,,,,
35,2.44184,0.65797,,,,
36,2.2803,0.65797,,,,
37,1.99942,0.66377,,,,
38,1.69419,0.66377,,,,
39,1.39412,0.68116,,,,
40,1.25194,0.68986,,,,
41,0.91758,0.76232,,,,
42,0.77722,0.7942,,,,
43,0.63837,0.82029,,,,
44,0.65388,0.82319,,,,
45,0.46485,0.89565,,,,
46,0.46698,0.87246,,,,
47,0.45597,0.85507,,,,
48,0.4616,0.86377,,,,
49,0.39598,0.88406,,,,
50,0.45297,0.85507,,,,
51,0.33654,0.90725,,,,
52,0.38035,0.88116,,,,
53,0.46157,0.84058,,,,
54,0.44135,0.84638,,,,
55,0.39902,0.85507,,,,
56,0.38283,0.86667,,,,
57,0.35335,0.89565,,,,
58,0.34181,0.90145,,,,
59,0.38776,0.85797,,,,
60,0.3994,0.86377,,,,
61,0.36864,0.86087,,,,
62,0.33428,0.87826,,,,
63,0.36066,0.87536,,,,
64,0.29311,0.90725,,,,
65,0.33052,0.89855,,,,
66,0.31721,0.89855,,,,
67,0.35039,0.87246,,,,
68,0.32846,0.88406,,,,
69,0.2778,0.91594,,,,
70,0.35436,0.87536,,,,
71,0.29585,0.89855,,,,
72,0.30029,0.91014,,,,
73,0.34488,0.89565,,,,
74,0.31134,0.87826,,,,
75,0.31147,0.89855,,,,
76,0.33915,0.87246,,,,
77,0.32402,0.88986,,,,
78,0.33777,0.88406,,,,
79,0.26679,0.90435,,,,
80,0.29977,0.89855,,,,
81,0.32462,0.88696,,,,
82,0.26975,0.90725,,,,
83,0.25693,0.91304,,,,
84,0.30459,0.90145,,,,
85,0.3004,0.89275,,,,
86,0.25785,0.91884,,,,
87,0.30174,0.89275,,,,
88,0.30348,0.89275,,,,
89,0.2455,0.93043,,,,
90,0.29377,0.90145,,,,
91,0.31584,0.88986,,,,
92,0.26955,0.91014,,,,
93,0.32738,0.88406,,,,
94,0.28859,0.89855,,,,
95,0.27377,0.91304,,,,
96,0.28127,0.89855,,,,
97,0.30882,0.90725,,,,
98,0.29855,0.91014,,,,
99,0.28591,0.89275,,,,
100,0.32471,0.88406,0.26258,0.90725,,
101,0.27698,0.91304,,,,
102,0.27885,0.90435,,,,
103,0.26344,0.91304,,,,
104,0.29988,0.90145,,,,
105,0.29272,0.89275,,,,
106,0.26453,0.90145,,,,
107,0.31034,0.89275,,,,
108,0.32124,0.87826,,,,
109,0.29833,0.88696,,,,
110,0.28462,0.91304,,,,
111,0.3475,0.87536,,,,
112,0.31604,0.90145,,,,
113,0.27453,0.91884,,,,
114,0.32353,0.88696,,,,
115,0.27359,0.91014,,,,
116,0.28829,0.90145,,,,
117,0.25613,0.90725,,,,
118,0.28316,0.91304,,,,
119,0.28641,0.89565,,,,
120,0.29185,0.89855,,,,
121,0.26672,0.90435,,,,
122,0.31519,0.89855,,,,
123,0.23824,0.91884,,,,
124,0.27263,0.91304,,,,
125,0.3014,0.91304,,,,
126,0.27935,0.89565,,,,
127,0.26715,0.91304,,,,
128,0.25601,0.91014,,,,
129,0.30421,0.89275,,,,
130,0.27385,0.91884,,,,
131,0.28257,0.90725,,,,
132,0.31779,0.90145,,,,
133,0.28563,0.90435,,,,
134,0.29148,0.91014,,,,
135,0.2952,0.88696,,,,
136,0.23742,0.91884,,,,
137,0.2217,0.93043,,,,
138,0.25779,0.89855,,,,
139,0.25094,0.92464,,,,
140,0.29563,0.91304,,,,
141,0.22857,0.92464,,,,
142,0.29731,0.88986,,,,
143,0.24328,0.91884,,,,
144,0.27564,0.90145,,,,
145,0.24705,0.91884,,,,
146,0.27512,0.90145,,,,
147,0.27253,0.91014,,,,
148,0.26932,0.90145,,,,
149,0.30301,0.89855,,,,
150,0.25043,0.91304,,,,
151,0.30638,0.90145,,,,
152,0.29931,0.91014,,,,
153,0.32042,0.89855,,,,
154,0.33976,0.87826,,,,
155,0.25281,0.90725,,,,
156,0.25503,0.91884,,,,
157,0.29364,0.89275,,,,
158,0.31781,0.88696,,,,
159,0.24103,0.92464,,,,
160,0.25656,0.90435,,,,
161,0.30274,0.89565,,,,
162,0.24869,0.92174,,,,
163,0.30554,0.89565,,,,
164,0.25481,0.91594,,,,
165,0.33484,0.87246,,,,
166,0.25633,0.92174,,,,
167,0.24622,0.91304,,,,
168,0.23366,0.93043,,,,
169,0.2657,0.90145,,,,
170,0.24208,0.92754,,,,
171,0.31258,0.89565,,,,
172,0.2403,0.92174,,,,
173,0.26736,0.89855,,,,
174,0.28533,0.91014,,,,
175,0.25898,0.90725,,,,
176,0.2573,0.91304,,,,
177,0.28346,0.89855,,,,
178,0.24693,0.92754,,,,
179,0.28247,0.89565,,,,
180,0.33202,0.88406,,,,
181,0.2791,0.91884,,,,
182,0.246,0.90725,,,,
183,0.28222,0.91014,,,,
184,0.24426,0.92174,,,,
185,0.26264,0.91304,,,,
186,0.32092,0.88986,,,,
187,0.26141,0.90725,,,,
188,0.29094,0.90145,,,,
189,0.24033,0.93623,,,,
190,0.29151,0.90435,,,,
191,0.26843,0.91014,,,,
192,0.27949,0.90725,,,,
193,0.23364,0.92174,,,,
194,0.24699,0.90725,,,,
195,0.29095,0.90145,,,,
196,0.26286,0.90435,,,,
197,0.23711,0.91884,,,,
198,0.27071,0.91594,,,,
199,0.27707,0.90435,,,,
200,0.29573,0.88986,0.3293,0.89855,,
201,0.30222,0.90435,,,,
202,0.23709,0.91884,,,,
203,0.29948,0.88116,,,,
204,0.24936,0.91304,,,,
205,0.22062,0.94783,,,,
206,0.2871,0.89565,,,,
207,0.29517,0.90145,,,,
208,0.24639,0.91594,,,,
209,0.23343,0.93043,,,,
210,0.26017,0.91014,,,,
211,0.27852,0.91304,,,,
212,0.20989,0.93623,,,,
213,0.25484,0.91304,,,,
214,0.23003,0.93913,,,,
215,0.29466,0.89565,,,,
216,0.27075,0.90725,,,,
217,0.27743,0.90145,,,,
218,0.32051,0.88696,,,,
219,0.23638,0.91014,,,,
220,0.27501,0.90725,,,,
221,0.28201,0.89275,,,,
222,0.24413,0.91594,,,,
223,0.27252,0.90145,,,,
224,0.24495,0.90725,,,,
225,0.27395,0.91884,,,,
226,0.26553,0.91304,,,,
227,0.30384,0.89855,,,,
228,0.25828,0.91594,,,,
229,0.232,0.92464,,,,
230,0.27126,0.90725,,,,
231,0.32231,0.87536,,,,
232,0.28224,0.90435,,,,
233,0.28167,0.90145,,,,
234,0.28257,0.88696,,,,
235,0.23904,0.92754,,,,
236,0.27389,0.89275,,,,
237,0.24221,0.90725,,,,
238,0.28244,0.89275,,,,
239,0.29293,0.89565,,,,
240,0.34371,0.87826,,,,
241,0.27353,0.89855,,,,
242,0.23699,0.91594,,,,
243,0.26698,0.90435,,,,
244,0.27038,0.91304,,,,
245,0.2392,0.90435,,,,
246,0.25073,0.92174,,,,
247,0.22662,0.93913,,,,
248,0.21761,0.92464,,,,
249,0.23013,0.92754,,,,
250,0.26488,0.90725,,,,
251,0.22431,0.91884,,,,
252,0.29591,0.90435,,,,
253,0.29208,0.90145,,,,
254,0.19749,0.93333,,,,
255,0.20686,0.92754,,,,
256,0.2495,0.91884,,,,
257,0.20943,0.93333,,,,
258,0.2249,0.92174,,,,
259,0.30313,0.89855,,,,
260,0.31987,0.90145,,,,
261,0.24607,0.90725,,,,
262,0.26063,0.91304,,,,
263,0.25169,0.90435,,,,
264,0.28986,0.89565,,,,
265,0.24051,0.92754,,,,
266,0.22608,0.93913,,,,
267,0.21483,0.94493,,,,
268,0.32695,0.88116,,,,
269,0.24056,0.91014,,,,
270,0.26563,0.91014,,,,
271,0.27221,0.90145,,,,
272,0.32778,0.90435,,,,
273,0.31877,0.90145,,,,
274,0.28803,0.89565,,,,
275,0.27597,0.90145,,,,
276,0.25028,0.91014,,,,
277,0.24703,0.90725,,,,
278,0.24444,0.91884,,,,
279,0.2654,0.91014,,,,
280,0.25842,0.91594,,,,
281,0.25976,0.92464,,,,
282,0.295,0.89565,,,,
283,0.22355,0.91594,,,,
284,0.20874,0.92754,,,,
285,0.27928,0.91014,,,,
286,0.24051,0.91594,,,,
287,0.26508,0.90435,,,,
288,0.25152,0.90435,,,,
289,0.2127,0.93333,,,,
290,0.27889,0.90145,,,,
291,0.26045,0.90145,,,,
292,0.22688,0.91884,,,,
293,0.26894,0.89855,,,,
294,0.25086,0.90725,,,,
295,0.22429,0.92174,,,,
296,0.24614,0.91304,,,,
297,0.2493,0.91014,,,,
298,0.25788,0.91594,,,,
299,0.25698,0.90725,,,,
300,0.28051,0.90435,0.32423,0.88986,,
301,0.31464,0.89565,,,,
302,0.25275,0.92464,,,,
303,0.2534,0.90725,,,,
304,0.27352,0.89565,,,,
305,0.21542,0.92754,,,,
306,0.30233,0.89565,,,,
307,0.30445,0.89275,,,,
308,0.27549,0.91014,,,,
309,0.25765,0.90725,,,,
310,0.27459,0.90725,,,,
311,0.27077,0.91304,,,,
312,0.26318,0.91594,,,,
313,0.27345,0.89275,,,,
314,0.27078,0.88696,,,,
315,0.26222,0.90725,,,,
316,0.20482,0.93043,,,,
317,0.26234,0.89275,,,,
318,0.32727,0.89855,,,,
319,0.3017,0.90435,,,,
320,0.26293,0.91884,,,,
321,0.2665,0.89855,,,,
322,0.2252,0.92174,,,,
323,0.29233,0.89855,,,,
324,0.29798,0.90725,,,,
325,0.2173,0.93623,,,,
326,0.26028,0.91304,,,,
327,0.24625,0.91304,,,,
328,0.25886,0.91014,,,,
329,0.33162,0.87826,,,,
330,0.27765,0.90725,,,,
331,0.27103,0.91014,,,,
332,0.27667,0.90145,,,,
333,0.30344,0.89855,,,,
334,0.3112,0.89855,,,,
335,0.25392,0.92464,,,,
336,0.21654,0.93623,,,,
337,0.26864,0.90725,,,,
338,0.21879,0.94203,,,,
339,0.28708,0.89565,,,,
340,0.22491,0.93043,,,,
341,0.21871,0.92754,,,,
342,0.24529,0.90435,,,,
343,0.21909,0.92464,,,,
344,0.2758,0.91304,,,,
345,0.24172,0.92464,,,,
346,0.27929,0.91304,,,,
347,0.31907,0.88986,,,,
348,0.25781,0.90435,,,,
349,0.36661,0.88406,,,,
350,0.24621,0.90725,,,,
351,0.31087,0.88696,,,,
352,0.25745,0.91304,,,,
353,0.2528,0.91014,,,,
354,0.30503,0.88406,,,,
355,0.23471,0.92464,,,,
356,0.24134,0.91884,,,,
357,0.23144,0.92464,,,,
358,0.24522,0.91884,,,,
359,0.27414,0.91304,,,,
360,0.22368,0.92464,,,,
361,0.2231,0.92754,,,,
362,0.24805,0.91304,,,,
363,0.29411,0.89275,,,,
364,0.25763,0.90435,,,,
365,0.24378,0.91304,,,,
366,0.26908,0.90725,,,,
367,0.23028,0.93043,,,,
368,0.28722,0.90725,,,,
369,0.22382,0.91594,,,,
370,0.27435,0.91304,,,,
371,0.23906,0.91594,,,,
372,0.28199,0.90145,,,,
373,0.2432,0.91014,,,,
374,0.28416,0.88986,,,,
375,0.28297,0.89855,,,,
376,0.29965,0.90435,,,,
377,0.24796,0.91594,,,,
378,0.24279,0.92174,,,,
379,0.27236,0.90435,,,,
380,0.27752,0.91014,,,,
381,0.28301,0.89565,,,,
382,0.29109,0.89565,,,,
383,0.30038,0.89565,,,,
384,0.26549,0.91014,,,,
385,0.23072,0.93333,,,,
386,0.24182,0.90725,,,,
387,0.24873,0.92174,,,,
388,0.24899,0.91594,,,,
389,0.27922,0.90435,,,,
390,0.22247,0.93623,,,,
391,0.25979,0.89565,,,,
392,0.27927,0.89275,,,,
393,0.29775,0.89855,,,,
394,0.24683,0.91594,,,,
395,0.23851,0.93623,,,,
396,0.21788,0.92754,,,,
397,0.27561,0.90435,,,,
398,0.22542,0.92174,,,,
399,0.26944,0.90435,,,,
400,0.25435,0.91594,0.26361,0.91304,,
401,0.26516,0.90725,,,,
402,0.28609,0.90725,,,,
403,0.31112,0.88696,,,,
404,0.2603,0.90725,,,,
405,0.29068,0.90145,,,,
406,0.25456,0.90435,,,,
407,0.25599,0.91884,,,,
408,0.27197,0.89275,,,,
409,0.18234,0.93623,,,,
410,0.24377,0.91304,,,,
411,0.26496,0.90725,,,,
412,0.31837,0.88986,,,,
413,0.25863,0.90725,,,,
414,0.26258,0.91014,,,,
415,0.25847,0.92174,,,,
416,0.23859,0.91594,,,,
417,0.28519,0.88986,,,,
418,0.27143,0.90435,,,,
419,0.2458,0.93913,,,,
420,0.23201,0.93043,,,,
421,0.28697,0.89855,,,,
422,0.29552,0.89275,,,,
423,0.21893,0.93043,,,,
424,0.19219,0.94203,,,,
425,0.23898,0.92464,,,,
426,0.20213,0.92174,,,,
427,0.23478,0.91594,,,,
428,0.27071,0.91014,,,,
429,0.23573,0.91884,,,,
430,0.22481,0.92174,,,,
431,0.26012,0.91304,,,,
432,0.23471,0.92754,,,,
433,0.21214,0.93333,,,,
434,0.24425,0.92174,,,,
435,0.2886,0.90145,,,,
436,0.27468,0.92174,,,,
437,0.22222,0.92174,,,,
438,0.26813,0.91594,,,,
439,0.2484,0.91884,,,,
440,0.29168,0.91594,,,,
441,0.27339,0.90145,,,,
442,0.2227,0.93623,,,,
443,0.24656,0.90435,,,,
444,0.26082,0.91304,,,,
445,0.25848,0.91304,,,,
446,0.28415,0.91304,,,,
447,0.25615,0.91304,,,,
448,0.27688,0.90145,,,,
449,0.28722,0.89275,,,,
450,0.23423,0.91884,,,,
451,0.30017,0.89565,,,,
452,0.22792,0.91884,,,,
453,0.22606,0.93043,,,,
454,0.29151,0.89275,,,,
455,0.20873,0.91884,,,,
456,0.25591,0.92174,,,,
457,0.28325,0.89855,,,,
458,0.24965,0.91304,,,,
459,0.23868,0.92174,,,,
460,0.27691,0.89855,,,,
461,0.21709,0.92464,,,,
462,0.29963,0.88696,,,,
463,0.24822,0.92174,,,,
464,0.27755,0.90145,,,,
465,0.22651,0.92174,,,,
466,0.26283,0.90725,,,,
467,0.29012,0.89275,,,,
468,0.2355,0.91594,,,,
469,0.27542,0.90435,,,,
470,0.29093,0.90145,,,,
471,0.24232,0.91304,,,,
472,0.22462,0.93333,,,,
473,0.26082,0.91304,,,,
474,0.225,0.93043,,,,
475,0.28677,0.90145,,,,
476,0.24695,0.91014,,,,
477,0.20361,0.93623,,,,
478,0.24859,0.91014,,,,
479,0.22511,0.92174,,,,
480,0.20492,0.92464,,,,
481,0.26358,0.89565,,,,
482,0.25579,0.92174,,,,
483,0.27765,0.89565,,,,
484,0.30023,0.90145,,,,
485,0.2831,0.89855,,,,
486,0.30661,0.88696,,,,
487,0.30828,0.88116,,,,
488,0.23708,0.92464,,,,
489,0.22626,0.91884,,,,
490,0.24332,0.90435,,,,
491,0.22474,0.92464,,,,
492,0.25156,0.90725,,,,
493,0.2699,0.89855,,,,
494,0.22986,0.91594,,,,
495,0.2535,0.92174,,,,
496,0.21891,0.93623,,,,
497,0.2811,0.90435,,,,
498,0.27361,0.90435,,,,
499,0.21297,0.92754,,,,
500,0.22427,0.92754,0.2993,0.89855,,
501,0.23176,0.92174,,,,
502,0.28961,0.90145,,,,
503,0.32788,0.88406,,,,
504,0.25191,0.90725,,,,
505,0.21718,0.91884,,,,
506,0.25373,0.91014,,,,
507,0.28194,0.90435,,,,
508,0.25805,0.90725,,,,
509,0.3123,0.88696,,,,
510,0.27639,0.90145,,,,
511,0.24921,0.90725,,,,
512,0.30501,0.88406,,,,
513,0.26082,0.92174,,,,
514,0.31048,0.88986,,,,
515,0.22452,0.93043,,,,
516,0.2684,0.90435,,,,
517,0.24087,0.92754,,,,
518,0.30366,0.88986,,,,
519,0.27525,0.89855,,,,
520,0.27818,0.89275,,,,
521,0.24783,0.91884,,,,
522,0.21762,0.92174,,,,
523,0.25089,0.91014,,,,
524,0.25162,0.92174,,,,
525,0.27097,0.90435,,,,
526,0.31219,0.90145,,,,
527,0.28747,0.89565,,,,
528,0.29451,0.89275,,,,
529,0.23776,0.91014,,,,
530,0.21051,0.93043,,,,
531,0.29585,0.89855,,,,
532,0.25838,0.89275,,,,
533,0.25859,0.90725,,,,
534,0.24712,0.91014,,,,
535,0.24444,0.92464,,,,
536,0.28642,0.90435,,,,
537,0.26008,0.91304,,,,
538,0.25292,0.90725,,,,
539,0.23569,0.91594,,,,
540,0.25894,0.91594,,,,
541,0.28277,0.91884,,,,
542,0.28048,0.91014,,,,
543,0.26144,0.90725,,,,
544,0.22203,0.93623,,,,
545,0.24725,0.93333,,,,
546,0.26429,0.90435,,,,
547,0.2522,0.91594,,,,
548,0.28073,0.88986,,,,
549,0.29324,0.90435,,,,
550,0.26924,0.91014,,,,
551,0.26473,0.90725,,,,
552,0.20562,0.93913,,,,
553,0.23693,0.92754,,,,
554,0.26215,0.91014,,,,
555,0.23593,0.91594,,,,
556,0.27615,0.90725,,,,
557,0.23494,0.92174,,,,
558,0.20275,0.93333,,,,
559,0.24073,0.90725,,,,
560,0.23707,0.91884,,,,
561,0.27349,0.92754,,,,
562,0.27922,0.90725,,,,
563,0.30824,0.88986,,,,
564,0.29478,0.88406,,,,
565,0.25287,0.91304,,,,
566,0.25256,0.91884,,,,
567,0.21008,0.95072,,,,
568,0.25699,0.92174,,,,
569,0.27411,0.91014,,,,
570,0.27823,0.90725,,,,
571,0.25992,0.91014,,,,
572,0.23846,0.92464,,,,
573,0.26385,0.90435,,,,
574,0.2312,0.91304,,,,
575,0.27659,0.89855,,,,
576,0.25425,0.89855,,,,
577,0.24223,0.91884,,,,
578,0.27684,0.89565,,,,
579,0.23329,0.93043,,,,
580,0.22097,0.92754,,,,
581,0.26081,0.91884,,,,
582,0.21237,0.93333,,,,
583,0.264,0.90435,,,,
584,0.27537,0.90725,,,,
585,0.30781,0.88116,,,,
586,0.3333,0.86377,,,,
587,0.19725,0.93623,,,,
588,0.29793,0.89275,,,,
589,0.21912,0.92754,,,,
590,0.27226,0.89855,,,,
591,0.26936,0.90725,,,,
592,0.22896,0.92174,,,,
593,0.28064,0.90725,,,,
594,0.26264,0.91884,,,,
595,0.22925,0.91594,,,,
596,0.25935,0.91594,,,,
597,0.29099,0.91304,,,,
598,0.25922,0.91014,,,,
599,0.31288,0.88986,,,,
600,0.30094,0.88696,0.32592,0.89855,,
601,0.30993,0.89275,,,,
602,0.24273,0.92174,,,,
603,0.29483,0.90145,,,,
604,0.26828,0.90725,,,,
605,0.25198,0.91304,,,,
606,0.32862,0.87536,,,,
607,0.27207,0.90435,,,,
608,0.23086,0.92754,,,,
609,0.23182,0.92464,,,,
610,0.27418,0.90725,,,,
611,0.25863,0.91304,,,,
612,0.21764,0.93333,,,,
613,0.28734,0.90725,,,,
614,0.22514,0.93333,,,,
615,0.23692,0.92174,,,,
616,0.26541,0.92464,,,,
617,0.2335,0.92464,,,,
618,0.26113,0.91884,,,,
619,0.23842,0.91594,,,,
620,0.3031,0.89565,,,,
621,0.27362,0.90435,,,,
622,0.23155,0.91884,,,,
623,0.27318,0.88986,,,,
624,0.29326,0.91014,,,,
625,0.2137,0.92754,,,,
626,0.26425,0.89855,,,,
627,0.23497,0.91594,,,,
628,0.23282,0.92464,,,,
629,0.27303,0.89855,,,,
630,0.29148,0.88696,,,,
631,0.24567,0.91304,,,,
632,0.26374,0.90145,,,,
633,0.22304,0.91594,,,,
634,0.27381,0.89855,,,,
635,0.23792,0.92174,,,,
636,0.29917,0.87826,,,,
637,0.25891,0.91304,,,,
638,0.24812,0.91884,,,,
639,0.24324,0.93333,,,,
640,0.25082,0.90435,,,,
641,0.26549,0.89855,,,,
642,0.28145,0.91014,,,,
643,0.26387,0.91304,,,,
644,0.30056,0.88986,,,,
645,0.21767,0.93333,,,,
646,0.26471,0.90725,,,,
647,0.26018,0.91014,,,,
648,0.23461,0.91594,,,,
649,0.22481,0.92464,,,,
650,0.22469,0.91594,,,,
651,0.22849,0.93043,,,,
652,0.25118,0.91594,,,,
653,0.21185,0.92754,,,,
654,0.21949,0.91594,,,,
655,0.28935,0.90725,,,,
656,0.2434,0.91594,,,,
657,0.28943,0.90725,,,,
658,0.23973,0.92174,,,,
659,0.30391,0.89275,,,,
660,0.2689,0.91304,,,,
661,0.25073,0.90725,,,,
662,0.27234,0.91014,,,,
663,0.24673,0.91884,,,,
664,0.26952,0.90145,,,,
665,0.23553,0.92754,,,,
666,0.27691,0.90725,,,,
667,0.2627,0.90145,,,,
668,0.28179,0.89275,,,,
669,0.27278,0.90435,,,,
670,0.27702,0.90725,,,,
671,0.25594,0.90435,,,,
672,0.26924,0.91014,,,,
673,0.2548,0.90725,,,,
674,0.20101,0.93623,,,,
675,0.23923,0.91304,,,,
676,0.32075,0.87246,,,,
677,0.20377,0.92464,,,,
678,0.2583,0.91014,,,,
679,0.22262,0.92464,,,,
680,0.27492,0.89565,,,,
681,0.22335,0.92174,,,,
682,0.23608,0.92174,,,,
683,0.25499,0.90725,,,,
684,0.23679,0.92464,,,,
685,0.23716,0.92464,,,,
686,0.23393,0.91884,,,,
687,0.2418,0.91884,,,,
688,0.23453,0.90435,,,,
689,0.30095,0.89855,,,,
690,0.23555,0.91304,,,,
691,0.29461,0.89275,,,,
692,0.21159,0.94493,,,,
693,0.24735,0.91594,,,,
694,0.24778,0.90435,,,,
695,0.33532,0.86957,,,,
696,0.1842,0.94783,,,,
697,0.29181,0.89855,,,,
698,0.29708,0.88986,,,,
699,0.26158,0.91304,,,,
700,0.25702,0.91594,0.25647,0.89855,,
701,0.24615,0.91304,,,,
702,0.25261,0.90435,,,,
703,0.23514,0.91594,,,,
704,0.31586,0.88696,,,,
705,0.23905,0.91594,,,,
706,0.23474,0.91594,,,,
707,0.27705,0.89855,,,,
708,0.24796,0.92174,,,,
709,0.25502,0.91014,,,,
710,0.28991,0.89855,,,,
711,0.25557,0.92174,,,,
712,0.19887,0.92754,,,,
713,0.24855,0.92174,,,,
714,0.21883,0.92174,,,,
715,0.21828,0.92464,,,,
716,0.25859,0.91304,,,,
717,0.19919,0.94783,,,,
718,0.30212,0.89565,,,,
719,0.27979,0.90725,,,,
720,0.18098,0.94493,,,,
721,0.2656,0.90435,,,,
722,0.20033,0.94203,,,,
723,0.29227,0.90145,,,,
724,0.30565,0.89275,,,,
725,0.30535,0.90725,,,,
726,0.30302,0.88116,,,,
727,0.26857,0.89565,,,,
728,0.24626,0.91014,,,,
729,0.27603,0.89855,,,,
730,0.25838,0.92174,,,,
731,0.27263,0.90725,,,,
732,0.2635,0.90725,,,,
733,0.23689,0.92464,,,,
734,0.19773,0.93623,,,,
735,0.20135,0.93333,,,,
736,0.24068,0.91884,,,,
737,0.26996,0.91594,,,,
738,0.20733,0.93043,,,,
739,0.25333,0.90725,,,,
740,0.28111,0.90145,,,,
741,0.23383,0.92464,,,,
742,0.20492,0.92174,,,,
743,0.27302,0.91884,,,,
744,0.32837,0.88696,,,,
745,0.23997,0.90725,,,,
746,0.23032,0.91014,,,,
747,0.25275,0.89275,,,,
748,0.25648,0.89275,,,,
749,0.28203,0.89565,,,,
750,0.22788,0.92754,,,,
751,0.25994,0.90145,,,,
752,0.21369,0.91304,,,,
753,0.28205,0.89855,,,,
754,0.27391,0.90435,,,,
755,0.27123,0.91304,,,,
756,0.23601,0.92754,,,,
757,0.26992,0.91014,,,,
758,0.24327,0.91304,,,,
759,0.2558,0.90725,,,,
760,0.26636,0.89855,,,,
761,0.25019,0.91014,,,,
762,0.27739,0.89275,,,,
763,0.26813,0.90145,,,,
764,0.22486,0.92754,,,,
765,0.28635,0.89565,,,,
766,0.25088,0.91014,,,,
767,0.2923,0.90145,,,,
768,0.21347,0.93043,,,,
769,0.28092,0.91014,,,,
770,0.25874,0.91304,,,,
771,0.3265,0.87246,,,,
772,0.25917,0.91304,,,,
773,0.26508,0.91304,,,,
774,0.25381,0.90435,,,,
775,0.22224,0.92464,,,,
776,0.24558,0.91594,,,,
777,0.26259,0.90145,,,,
778,0.26162,0.91594,,,,
779,0.31656,0.89855,,,,
780,0.22049,0.93333,,,,
781,0.24054,0.91884,,,,
782,0.24423,0.93333,,,,
783,0.22771,0.92754,,,,
784,0.28221,0.90435,,,,
785,0.22659,0.92174,,,,
786,0.24588,0.91304,,,,
787,0.27094,0.90725,,,,
788,0.30437,0.88986,,,,
789,0.23481,0.90725,,,,
790,0.25133,0.90725,,,,
791,0.26697,0.92464,,,,
792,0.26315,0.90145,,,,
793,0.27905,0.90145,,,,
794,0.27798,0.91884,,,,
795,0.23501,0.92174,,,,
796,0.22012,0.93623,,,,
797,0.23966,0.90435,,,,
798,0.2959,0.90145,,,,
799,0.2765,0.90145,,,,
800,0.21403,0.92464,0.23986,0.92174,,
801,0.25293,0.92174,,,,
802,0.23162,0.91884,,,,
803,0.29783,0.89275,,,,
804,0.26462,0.90435,,,,
805,0.20806,0.92464,,,,
806,0.24149,0.91884,,,,
807,0.27832,0.89275,,,,
808,0.23318,0.92174,,,,
809,0.25877,0.90725,,,,
810,0.22449,0.92464,,,,
811,0.24317,0.91594,,,,
812,0.27671,0.90435,,,,
813,0.24938,0.91594,,,,
814,0.18287,0.94203,,,,
815,0.2784,0.90725,,,,
816,0.26533,0.91884,,,,
817,0.20266,0.93333,,,,
818,0.22355,0.92464,,,,
819,0.26775,0.90145,,,,
820,0.25696,0.91304,,,,
821,0.2926,0.91014,,,,
822,0.27233,0.90435,,,,
823,0.21287,0.93333,,,,
824,0.24279,0.92464,,,,
825,0.26419,0.90725,,,,
826,0.28148,0.90435,,,,
827,0.30675,0.90145,,,,
828,0.24701,0.91884,,,,
829,0.27236,0.88986,,,,
830,0.28935,0.90145,,,,
831,0.20788,0.93333,,,,
832,0.27271,0.91594,,,,
833,0.25446,0.90725,,,,
834,0.2651,0.89565,,,,
835,0.22507,0.91884,,,,
836,0.25874,0.90435,,,,
837,0.20592,0.93333,,,,
838,0.22306,0.92754,,,,
839,0.25433,0.91014,,,,
840,0.22519,0.92464,,,,
841,0.24117,0.92174,,,,
842,0.29201,0.89275,,,,
843,0.29403,0.89855,,,,
844,0.25469,0.91014,,,,
845,0.23357,0.90725,,,,
846,0.24507,0.91594,,,,
847,0.21453,0.92754,,,,
848,0.23075,0.90725,,,,
849,0.22398,0.92464,,,,
850,0.25333,0.91594,,,,
851,0.24479,0.91014,,,,
852,0.22696,0.91594,,,,
853,0.25663,0.91594,,,,
854,0.27799,0.88986,,,,
855,0.30449,0.88986,,,,
856,0.2551,0.91304,,,,
857,0.28791,0.89565,,,,
858,0.29041,0.90145,,,,
859,0.29436,0.90435,,,,
860,0.31739,0.87826,,,,
861,0.23156,0.93913,,,,
862,0.28614,0.89275,,,,
863,0.25552,0.91594,,,,
864,0.25327,0.91304,,,,
865,0.27815,0.90435,,,,
866,0.2969,0.89565,,,,
867,0.28228,0.89565,,,,
868,0.26502,0.91594,,,,
869,0.31531,0.86957,,,,
870,0.25821,0.91014,,,,
871,0.22355,0.93043,,,,
872,0.2566,0.91014,,,,
873,0.2423,0.92464,,,,
874,0.27766,0.90145,,,,
875,0.26264,0.90725,,,,
876,0.23418,0.92174,,,,
877,0.20786,0.92754,,,,
878,0.23256,0.91594,,,,
879,0.23397,0.91594,,,,
880,0.20348,0.93913,,,,
881,0.22064,0.91884,,,,
882,0.25832,0.90725,,,,
883,0.25852,0.90725,,,,
884,0.22763,0.91594,,,,
885,0.2718,0.90145,,,,
886,0.28816,0.90435,,,,
887,0.25107,0.91594,,,,
888,0.21849,0.92174,,,,
889,0.26299,0.90725,,,,
890,0.25756,0.91304,,,,
891,0.28083,0.89855,,,,
892,0.25873,0.92754,,,,
893,0.2639,0.89855,,,,
894,0.27457,0.91014,,,,
895,0.25093,0.91884,,,,
896,0.24358,0.91884,,,,
897,0.28456,0.90145,,,,
898,0.24513,0.91594,,,,
899,0.28639,0.88696,,,,
900,0.22888,0.92754,0.29885,0.89565,,
901,0.25823,0.90145,,,,
902,0.24538,0.91014,,,,
903,0.26591,0.91014,,,,
904,0.28744,0.90435,,,,
905,0.25175,0.91304,,,,
906,0.2845,0.90435,,,,
907,0.23644,0.91594,,,,
908,0.28002,0.90145,,,,
909,0.23772,0.91594,,,,
910,0.32885,0.88406,,,,
911,0.24559,0.91594,,,,
912,0.28541,0.89565,,,,
913,0.29552,0.88406,,,,
914,0.22998,0.92464,,,,
915,0.26098,0.91304,,,,
916,0.27082,0.89275,,,,
917,0.28156,0.89855,,,,
918,0.26515,0.90145,,,,
919,0.27349,0.91014,,,,
920,0.30729,0.88986,,,,
921,0.23749,0.90145,,,,
922,0.21335,0.93913,,,,
923,0.20572,0.93333,,,,
924,0.32137,0.87826,,,,
925,0.23007,0.92464,,,,
926,0.25836,0.91014,,,,
927,0.24206,0.91884,,,,
928,0.25456,0.90435,,,,
929,0.25948,0.92174,,,,
930,0.24328,0.91304,,,,
931,0.22013,0.92754,,,,
932,0.24213,0.92174,,,,
933,0.21441,0.93043,,,,
934,0.26681,0.91014,,,,
935,0.23994,0.93043,,,,
936,0.25518,0.91014,,,,
937,0.26832,0.90145,,,,
938,0.28265,0.90145,,,,
939,0.2221,0.92754,,,,
940,0.36792,0.87826,,,,
941,0.30207,0.89275,,,,
942,0.2264,0.91594,,,,
943,0.20274,0.93043,,,,
944,0.23185,0.91594,,,,
945,0.30202,0.89855,,,,
946,0.21802,0.93333,,,,
947,0.22855,0.91884,,,,
948,0.29465,0.90145,,,,
949,0.23362,0.92754,,,,
950,0.2523,0.92174,,,,
951,0.22364,0.93333,,,,
952,0.25142,0.90435,,,,
953,0.26045,0.90435,,,,
954,0.2191,0.92464,,,,
955,0.23918,0.92754,,,,
956,0.24755,0.90725,,,,
957,0.25785,0.90725,,,,
958,0.24932,0.91304,,,,
959,0.25657,0.90725,,,,
960,0.29448,0.88986,,,,
961,0.28347,0.91014,,,,
962,0.24503,0.91884,,,,
963,0.23815,0.91594,,,,
964,0.30263,0.89565,,,,
965,0.22211,0.90725,,,,
966,0.26761,0.91304,,,,
967,0.20965,0.93043,,,,
968,0.23642,0.91594,,,,
969,0.22431,0.92754,,,,
970,0.25519,0.91594,,,,
971,0.24785,0.91594,,,,
972,0.26147,0.92174,,,,
973,0.2203,0.92174,,,,
974,0.31802,0.89855,,,,
975,0.27013,0.90435,,,,
976,0.24778,0.91304,,,,
977,0.28433,0.90145,,,,
978,0.26282,0.91014,,,,
979,0.27908,0.90435,,,,
980,0.26981,0.89855,,,,
981,0.24489,0.91304,,,,
982,0.22264,0.92754,,,,
983,0.25373,0.91304,,,,
984,0.26446,0.90725,,,,
985,0.21667,0.93043,,,,
986,0.28269,0.91014,,,,
987,0.29122,0.89565,,,,
988,0.25279,0.89855,,,,
989,0.25588,0.90145,,,,
990,0.22428,0.93043,,,,
991,0.19717,0.93913,,,,
992,0.22409,0.92464,,,,
993,0.22558,0.91304,,,,
994,0.25794,0.91884,,,,
995,0.3059,0.88986,,,,
996,0.26629,0.91014,,,,
997,0.25795,0.91304,,,,
998,0.24488,0.91014,,,,
999,0.33335,0.86957,,,,
1000,0.303,0.90145,0.22264,0.93333,,
1001,0.27548,0.90435,,,,
1002,0.21415,0.93043,,,,
1003,0.25121,0.90435,,,,
1004,0.28629,0.87826,,,,
1005,0.22745,0.93333,,,,
1006,0.28848,0.91014,,,,
1007,0.29849,0.89855,,,,
1008,0.23765,0.92174,,,,
1009,0.22848,0.92754,,,,
1010,0.28097,0.90435,,,,
1011,0.26746,0.91304,,,,
1012,0.27425,0.90145,,,,
1013,0.24214,0.93043,,,,
1014,0.25755,0.91014,,,,
1015,0.24976,0.91594,,,,
1016,0.28866,0.90145,,,,
1017,0.24728,0.91594,,,,
1018,0.24869,0.92754,,,,
1019,0.2368,0.92754,,,,
1020,0.28479,0.92464,,,,
1021,0.29054,0.89565,,,,
1022,0.22748,0.91884,,,,
1023,0.24864,0.91884,,,,
1024,0.24528,0.90435,,,,
1025,0.28093,0.88696,,,,
1026,0.25741,0.91884,,,,
1027,0.29049,0.91014,,,,
1028,0.25175,0.91014,,,,
1029,0.24077,0.91884,,,,
1030,0.21403,0.93333,,,,
1031,0.30079,0.89275,,,,
1032,0.18505,0.94203,,,,
1033,0.25528,0.90435,,,,
1034,0.28797,0.91594,,,,
1035,0.25057,0.91594,,,,
1036,0.25897,0.91884,,,,
1037,0.32093,0.88696,,,,
1038,0.25515,0.91304,,,,
1039,0.30993,0.88696,,,,
1040,0.21342,0.93043,,,,
1041,0.313,0.89275,,,,
1042,0.25691,0.91014,,,,
1043,0.2334,0.91304,,,,
1044,0.26433,0.90725,,,,
1045,0.22924,0.91884,,,,
1046,0.21609,0.92174,,,,
1047,0.24922,0.90435,,,,
1048,0.23386,0.92174,,,,
1049,0.22947,0.92464,,,,
1050,0.31644,0.89855,,,,
1051,0.25996,0.90725,,,,
1052,0.24358,0.92754,,,,
1053,0.26779,0.90725,,,,
1054,0.26977,0.90725,,,,
1055,0.20506,0.92464,,,,
1056,0.26694,0.90145,,,,
1057,0.29663,0.89275,,,,
1058,0.29779,0.89565,,,,
1059,0.23068,0.93043,,,,
1060,0.2799,0.90145,,,,
1061,0.26061,0.90435,,,,
1062,0.26637,0.89855,,,,
1063,0.30776,0.89275,,,,
1064,0.21036,0.93333,,,,
1065,0.29775,0.89275,,,,
1066,0.29213,0.90145,,,,
1067,0.24518,0.91884,,,,
1068,0.21043,0.92464,,,,
1069,0.23525,0.92754,,,,
1070,0.22679,0.91884,,,,
1071,0.24454,0.90145,,,,
1072,0.2822,0.90435,,,,
1073,0.22187,0.93043,,,,
1074,0.26777,0.90725,,,,
1075,0.21795,0.92754,,,,
1076,0.22886,0.91594,,,,
1077,0.25362,0.91594,,,,
1078,0.24357,0.92174,,,,
1079,0.21573,0.91304,,,,
1080,0.32119,0.87536,,,,
1081,0.24055,0.90725,,,,
1082,0.2729,0.89565,,,,
1083,0.25057,0.90435,,,,
1084,0.23514,0.91884,,,,
1085,0.25254,0.90725,,,,
1086,0.29556,0.90145,,,,
1087,0.25372,0.92174,,,,
1088,0.31708,0.88696,,,,
1089,0.24826,0.91014,,,,
1090,0.2519,0.91594,,,,
1091,0.246,0.91304,,,,
1092,0.24157,0.91884,,,,
1093,0.23687,0.91594,,,,
1094,0.25961,0.90145,,,,
1095,0.22637,0.91304,,,,
1096,0.24771,0.91884,,,,
1097,0.26325,0.91304,,,,
1098,0.3124,0.87536,,,,
1099,0.2368,0.91884,,,,
1100,0.20858,0.92464,0.24777,0.92754,,
1101,0.24154,0.91884,,,,
1102,0.25394,0.91014,,,,
1103,0.26063,0.90725,,,,
1104,0.2374,0.92464,,,,
1105,0.24584,0.91884,,,,
1106,0.24668,0.90725,,,,
1107,0.31548,0.88696,,,,
1108,0.26072,0.90145,,,,
1109,0.26401,0.89855,,,,
1110,0.22312,0.92464,,,,
1111,0.25123,0.90725,,,,
1112,0.24301,0.91304,,,,
1113,0.22981,0.91884,,,,
1114,0.26578,0.91304,,,,
1115,0.24415,0.92464,,,,
1116,0.26985,0.90435,,,,
1117,0.25639,0.91014,,,,
1118,0.261,0.91014,,,,
1119,0.25639,0.91594,,,,
1120,0.22309,0.93043,,,,
1121,0.29849,0.89855,,,,
1122,0.32111,0.89275,,,,
1123,0.2945,0.90145,,,,
1124,0.24218,0.91304,,,,
1125,0.27095,0.89565,,,,
1126,0.29355,0.88696,,,,
1127,0.24243,0.91304,,,,
1128,0.23521,0.91884,,,,
1129,0.29039,0.90145,,,,
1130,0.28484,0.91014,,,,
1131,0.24491,0.91594,,,,
1132,0.29383,0.89275,,,,
1133,0.20697,0.93913,,,,
1134,0.26486,0.90435,,,,
1135,0.269,0.90435,,,,
1136,0.23791,0.92464,,,,
1137,0.2609,0.90435,,,,
1138,0.27319,0.90435,,,,
1139,0.25949,0.91594,,,,
1140,0.24067,0.91884,,,,
1141,0.24823,0.90435,,,,
1142,0.2116,0.93623,,,,
1143,0.25804,0.92754,,,,
1144,0.27608,0.90435,,,,
1145,0.25938,0.90435,,,,
1146,0.23591,0.91014,,,,
1147,0.24857,0.91304,,,,
1148,0.28642,0.89855,,,,
1149,0.28539,0.89275,,,,
1150,0.23934,0.92754,,,,
1151,0.26623,0.89565,,,,
1152,0.20669,0.92464,,,,
1153,0.25861,0.91304,,,,
1154,0.27712,0.90145,,,,
1155,0.2689,0.90725,,,,
1156,0.28668,0.90435,,,,
1157,0.26983,0.89565,,,,
1158,0.30846,0.87246,,,,
1159,0.25225,0.91014,,,,
1160,0.30156,0.90145,,,,
1161,0.24978,0.91014,,,,
1162,0.2649,0.90725,,,,
1163,0.27901,0.90435,,,,
1164,0.20619,0.93913,,,,
1165,0.28883,0.90145,,,,
1166,0.22147,0.91594,,,,
1167,0.22928,0.92174,,,,
1168,0.2355,0.92464,,,,
1169,0.25021,0.91594,,,,
1170,0.26305,0.91014,,,,
1171,0.25051,0.92464,,,,
1172,0.28674,0.91594,,,,
1173,0.2852,0.90435,,,,
1174,0.28781,0.89855,,,,
1175,0.23702,0.92174,,,,
1176,0.29271,0.90435,,,,
1177,0.24435,0.90435,,,,
1178,0.24087,0.91884,,,,
1179,0.26103,0.90435,,,,
1180,0.22969,0.91594,,,,
1181,0.24174,0.91884,,,,
1182,0.20903,0.93043,,,,
1183,0.21146,0.92464,,,,
1184,0.27238,0.88986,,,,
1185,0.30623,0.88696,,,,
1186,0.26668,0.90435,,,,
1187,0.25312,0.91304,,,,
1188,0.27607,0.90725,,,,
1189,0.30326,0.88116,,,,
1190,0.29328,0.88986,,,,
1191,0.26975,0.91594,,,,
1192,0.2334,0.91884,,,,
1193,0.22883,0.92464,,,,
1194,0.27846,0.90435,,,,
1195,0.28694,0.89275,,,,
1196,0.21195,0.91884,,,,
1197,0.22032,0.91014,,,,
1198,0.29378,0.89855,,,,
1199,0.24573,0.90435,,,,
1200,0.29334,0.89565,0.25463,0.92754,,
1201,0.21751,0.92754,,,,
1202,0.24556,0.91884,,,,
1203,0.26465,0.90145,,,,
1204,0.2855,0.89565,,,,
1205,0.23607,0.92464,,,,
1206,0.26967,0.88696,,,,
1207,0.26235,0.91594,,,,
1208,0.29883,0.87536,,,,
1209,0.25902,0.91304,,,,
1210,0.25616,0.90725,,,,
1211,0.2869,0.90435,,,,
1212,0.22476,0.91884,,,,
1213,0.21411,0.92754,,,,
1214,0.24446,0.91594,,,,
1215,0.26723,0.90725,,,,
1216,0.22076,0.92174,,,,
1217,0.27063,0.89855,,,,
1218,0.2655,0.90145,,,,
1219,0.19892,0.93043,,,,
1220,0.27527,0.89855,,,,
1221,0.26519,0.91304,,,,
1222,0.26243,0.91594,,,,
1223,0.25866,0.92174,,,,
1224,0.24116,0.91304,,,,
1225,0.20628,0.93623,,,,
1226,0.23716,0.93043,,,,
1227,0.2278,0.92464,,,,
1228,0.27741,0.89275,,,,
1229,0.20257,0.93623,,,,
1230,0.2239,0.91884,,,,
1231,0.21549,0.93333,,,,
1232,0.22688,0.91594,,,,
1233,0.34049,0.88986,,,,
1234,0.20216,0.94493,,,,
1235,0.32731,0.88116,,,,
1236,0.21235,0.93333,,,,
1237,0.25372,0.91884,,,,
1238,0.27544,0.91304,,,,
1239,0.24451,0.91014,,,,
1240,0.2645,0.91304,,,,
1241,0.24336,0.91884,,,,
1242,0.25803,0.91594,,,,
1243,0.22126,0.93333,,,,
1244,0.25452,0.91884,,,,
1245,0.27307,0.91304,,,,
1246,0.24251,0.91884,,,,
1247,0.23226,0.91884,,,,
1248,0.29132,0.88986,,,,
1249,0.25448,0.90435,,,,
1250,0.29448,0.88986,,,,
1251,0.16486,0.94783,,,,
1252,0.22715,0.91594,,,,
1253,0.26335,0.91884,,,,
1254,0.2729,0.89855,,,,
1255,0.27994,0.89855,,,,
1256,0.23516,0.92174,,,,
1257,0.27658,0.90725,,,,
1258,0.26196,0.91304,,,,
1259,0.27986,0.89855,,,,
1260,0.24334,0.92174,,,,
1261,0.21758,0.92754,,,,
1262,0.239,0.92464,,,,
1263,0.22952,0.93333,,,,
1264,0.27188,0.90725,,,,
1265,0.2636,0.91304,,,,
1266,0.30034,0.89565,,,,
1267,0.26153,0.90435,,,,
1268,0.24554,0.92754,,,,
1269,0.25276,0.91304,,,,
1270,0.30503,0.89565,,,,
1271,0.28793,0.90435,,,,
1272,0.31034,0.89855,,,,
1273,0.20673,0.93043,,,,
1274,0.21223,0.93913,,,,
1275,0.26522,0.90435,,,,
1276,0.23101,0.91884,,,,
1277,0.23119,0.93043,,,,
1278,0.22948,0.91884,,,,
1279,0.24222,0.92464,,,,
1280,0.27186,0.91014,,,,
1281,0.23461,0.92464,,,,
1282,0.24963,0.91884,,,,
1283,0.2691,0.89275,,,,
1284,0.2361,0.91594,,,,
1285,0.21978,0.93333,,,,
1286,0.23428,0.91304,,,,
1287,0.24061,0.91594,,,,
1288,0.19969,0.93043,,,,
1289,0.28961,0.89275,,,,
1290,0.25279,0.91304,,,,
1291,0.23676,0.91014,,,,
1292,0.29385,0.88696,,,,
1293,0.21481,0.92464,,,,
1294,0.26336,0.91304,,,,
1295,0.23193,0.93043,,,,
1296,0.27328,0.90435,,,,
1297,0.2271,0.91884,,,,
1298,0.25029,0.90435,,,,
1299,0.24417,0.91594,,,,
1300,0.30991,0.88986,0.27196,0.90435,,
1301,0.23682,0.91884,,,,
1302,0.2357,0.92174,,,,
1303,0.24914,0.90725,,,,
1304,0.25923,0.90435,,,,
1305,0.25206,0.91594,,,,
1306,0.24248,0.91014,,,,
1307,0.25049,0.91304,,,,
1308,0.22558,0.92174,,,,
1309,0.29067,0.89855,,,,
1310,0.23925,0.92174,,,,
1311,0.21981,0.93043,,,,
1312,0.24228,0.92464,,,,
1313,0.22521,0.93623,,,,
1314,0.25499,0.92754,,,,
1315,0.24163,0.92754,,,,
1316,0.27912,0.90145,,,,
1317,0.2419,0.91594,,,,
1318,0.27339,0.90725,,,,
1319,0.32951,0.86957,,,,
1320,0.25851,0.90725,,,,
1321,0.26641,0.92464,,,,
1322,0.2615,0.92174,,,,
1323,0.2445,0.91304,,,,
1324,0.274,0.89275,,,,
1325,0.28586,0.90145,,,,
1326,0.21261,0.94493,,,,
1327,0.23616,0.91884,,,,
1328,0.2469,0.91884,,,,
1329,0.23763,0.92174,,,,
1330,0.26864,0.90435,,,,
1331,0.2777,0.90725,,,,
1332,0.26431,0.91304,,,,
1333,0.24512,0.91014,,,,
1334,0.24856,0.91014,,,,
1335,0.23753,0.91884,,,,
1336,0.293,0.90435,,,,
1337,0.23373,0.91594,,,,
1338,0.24482,0.90725,,,,
1339,0.22157,0.93333,,,,
1340,0.27546,0.89855,,,,
1341,0.22171,0.92174,,,,
1342,0.24629,0.91594,,,,
1343,0.20526,0.93623,,,,
1344,0.30292,0.88986,,,,
1345,0.25139,0.92174,,,,
1346,0.25354,0.90435,,,,
1347,0.26842,0.90725,,,,
1348,0.23231,0.93333,,,,
1349,0.2221,0.93043,,,,
1350,0.21577,0.93333,,,,
1351,0.27184,0.89275,,,,
1352,0.28315,0.89855,,,,
1353,0.20138,0.93043,,,,
1354,0.24108,0.92174,,,,
1355,0.25495,0.91014,,,,
1356,0.2772,0.90725,,,,
1357,0.25136,0.91884,,,,
1358,0.23318,0.92174,,,,
1359,0.26825,0.91014,,,,
1360,0.26259,0.90435,,,,
1361,0.27048,0.91304,,,,
1362,0.24455,0.92174,,,,
1363,0.24947,0.91014,,,,
1364,0.2569,0.90725,,,,
1365,0.26865,0.89855,,,,
1366,0.24725,0.92464,,,,
1367,0.26009,0.90435,,,,
1368,0.2292,0.91884,,,,
1369,0.2906,0.89275,,,,
1370,0.20628,0.93623,,,,
1371,0.27634,0.90145,,,,
1372,0.2682,0.90145,,,,
1373,0.27046,0.89855,,,,
1374,0.24373,0.91304,,,,
1375,0.24291,0.92464,,,,
1376,0.2868,0.91014,,,,
1377,0.28567,0.88696,,,,
1378,0.24154,0.92174,,,,
1379,0.20933,0.94783,,,,
1380,0.26457,0.90725,,,,
1381,0.24142,0.91304,,,,
1382,0.25371,0.92464,,,,
1383,0.2416,0.92174,,,,
1384,0.24077,0.91884,,,,
1385,0.27151,0.89855,,,,
1386,0.23305,0.91884,,,,
1387,0.21406,0.92754,,,,
1388,0.27676,0.90725,,,,
1389,0.24717,0.90145,,,,
1390,0.29342,0.89855,,,,
1391,0.26888,0.91014,,,,
1392,0.22864,0.91304,,,,
1393,0.2029,0.93043,,,,
1394,0.26743,0.90435,,,,
1395,0.25043,0.91304,,,,
1396,0.26607,0.91594,,,,
1397,0.22579,0.91884,,,,
1398,0.26258,0.90435,,,,
1399,0.25092,0.91594,,,,
1400,0.26072,0.90725,0.29301,0.88696,,
1401,0.2638,0.90435,,,,
1402,0.23142,0.91884,,,,
1403,0.2495,0.91014,,,,
1404,0.33277,0.88696,,,,
1405,0.21998,0.93043,,,,
1406,0.29723,0.88696,,,,
1407,0.24062,0.91594,,,,
1408,0.28721,0.89275,,,,
1409,0.19568,0.92754,,,,
1410,0.27732,0.91014,,,,
1411,0.27084,0.91014,,,,
1412,0.27539,0.88696,,,,
1413,0.29356,0.89565,,,,
1414,0.29149,0.91014,,,,
1415,0.24532,0.91594,,,,
1416,0.26539,0.89565,,,,
1417,0.19576,0.93333,,,,
1418,0.25887,0.90435,,,,
1419,0.27178,0.91014,,,,
1420,0.23179,0.92464,,,,
1421,0.23325,0.92174,,,,
1422,0.25711,0.90725,,,,
1423,0.27208,0.91014,,,,
1424,0.21824,0.92464,,,,
1425,0.22759,0.91304,,,,
1426,0.31381,0.87826,,,,
1427,0.23601,0.91014,,,,
1428,0.23871,0.93043,,,,
1429,0.25733,0.90145,,,,
1430,0.24711,0.92174,,,,
1431,0.26941,0.90145,,,,
1432,0.20064,0.93043,,,,
1433,0.26896,0.91884,,,,
1434,0.27177,0.90435,,,,
1435,0.24198,0.92464,,,,
1436,0.28362,0.89565,,,,
1437,0.23112,0.92174,,,,
1438,0.26859,0.90145,,,,
1439,0.26549,0.90145,,,,
1440,0.26787,0.89275,,,,
1441,0.21785,0.91884,,,,
1442,0.25045,0.90725,,,,
1443,0.22426,0.92754,,,,
1444,0.24706,0.92174,,,,
1445,0.3022,0.89855,,,,
1446,0.25028,0.91014,,,,
1447,0.25751,0.91884,,,,
1448,0.24044,0.92464,,,,
1449,0.25358,0.91594,,,,
1450,0.24704,0.92464,,,,
1451,0.30176,0.89275,,,,
1452,0.23497,0.91014,,,,
1453,0.28389,0.90435,,,,
1454,0.22929,0.93913,,,,
1455,0.30119,0.91014,,,,
1456,0.25385,0.91014,,,,
1457,0.28308,0.88986,,,,
1458,0.24094,0.92754,,,,
1459,0.22184,0.92464,,,,
1460,0.26186,0.92464,,,,
1461,0.25035,0.91304,,,,
1462,0.23275,0.91884,,,,
1463,0.2411,0.92174,,,,
1464,0.25097,0.91594,,,,
1465,0.23213,0.91884,,,,
1466,0.22749,0.92754,,,,
1467,0.28032,0.90435,,,,
1468,0.26216,0.91014,,,,
1469,0.24334,0.91594,,,,
1470,0.2785,0.90145,,,,
1471,0.22571,0.93333,,,,
1472,0.26832,0.91884,,,,
1473,0.28155,0.90145,,,,
1474,0.24987,0.91304,,,,
1475,0.26313,0.90145,,,,
1476,0.27992,0.89855,,,,
1477,0.22672,0.92174,,,,
1478,0.29652,0.88406,,,,
1479,0.15993,0.95362,,,,
1480,0.21064,0.92754,,,,
1481,0.23255,0.92464,,,,
1482,0.26108,0.91014,,,,
1483,0.24856,0.91594,,,,
1484,0.2417,0.91304,,,,
1485,0.24192,0.91884,,,,
1486,0.26728,0.91304,,,,
1487,0.2714,0.90725,,,,
1488,0.27106,0.88986,,,,
1489,0.24311,0.92754,,,,
1490,0.26991,0.89855,,,,
1491,0.24157,0.92174,,,,
1492,0.24539,0.91014,,,,
1493,0.2284,0.91014,,,,
1494,0.19309,0.93333,,,,
1495,0.2465,0.91594,,,,
1496,0.2358,0.92464,,,,
1497,0.21704,0.93333,,,,
1498,0.24334,0.90725,,,,
1499,0.24969,0.92464,,,,
1500,0.22864,0.93043,0.29164,0.89565,,
1501,0.29729,0.89275,,,,
1502,0.25927,0.91594,,,,
1503,0.30024,0.89908,0.26305,0.91304,,
